{
  "gpt5": {
    "dTarget": {
      "n": 10,
      "n_neg": 9,
      "mean": -0.054893098766054416,
      "sd": 0.09261231169775516,
      "sign_p": 0.021484375,
      "t_p": 0.09364778172224979,
      "wilcoxon_p": 0.048828125
    },
    "dOthers": {
      "n": 10,
      "n_neg": 7,
      "mean": -0.03661610247508311,
      "sd": 0.10559481923407522,
      "sign_p": 0.34375,
      "t_p": 0.30130926040915557,
      "wilcoxon_p": 0.322265625
    },
    "dSpecific": {
      "n": 10,
      "n_neg": 7,
      "mean": -0.018276996290971303,
      "sd": 0.03663129754237597,
      "sign_p": 0.34375,
      "t_p": 0.14906669057071145,
      "wilcoxon_p": 0.232421875
    }
  },
  "opus": {
    "dTarget": {
      "n": 10,
      "n_neg": 5,
      "mean": 0.010712930174905665,
      "sd": 0.08031894485565111,
      "sign_p": 1.0,
      "t_p": 0.6830785496972271,
      "wilcoxon_p": 0.76953125
    },
    "dOthers": {
      "n": 10,
      "n_neg": 6,
      "mean": -0.003672415475756252,
      "sd": 0.08449125128057633,
      "sign_p": 0.75390625,
      "t_p": 0.8937021348348982,
      "wilcoxon_p": 1.0
    },
    "dSpecific": {
      "n": 10,
      "n_neg": 2,
      "mean": 0.014385345650661917,
      "sd": 0.02718061304138525,
      "sign_p": 0.109375,
      "t_p": 0.12852851590046363,
      "wilcoxon_p": 0.10546875
    }
  },
  "gemini": {
    "dTarget": {
      "n": 10,
      "n_neg": 5,
      "mean": 0.0379831755219836,
      "sd": 0.1288129124880192,
      "sign_p": 1.0,
      "t_p": 0.3754347694901466,
      "wilcoxon_p": 0.431640625
    },
    "dOthers": {
      "n": 10,
      "n_neg": 3,
      "mean": 0.0530407919383725,
      "sd": 0.11565464138877542,
      "sign_p": 0.34375,
      "t_p": 0.1809246101765894,
      "wilcoxon_p": 0.193359375
    },
    "dSpecific": {
      "n": 10,
      "n_neg": 6,
      "mean": -0.015057616416388897,
      "sd": 0.027084677911462032,
      "sign_p": 0.75390625,
      "t_p": 0.11260665038841444,
      "wilcoxon_p": 0.193359375
    }
  },
  "deepseek": {
    "dTarget": {
      "n": 10,
      "n_neg": 6,
      "mean": 0.026480113341128143,
      "sd": 0.10350689983918306,
      "sign_p": 0.75390625,
      "t_p": 0.4393752931464146,
      "wilcoxon_p": 0.76953125
    },
    "dOthers": {
      "n": 10,
      "n_neg": 4,
      "mean": 0.022998638536657158,
      "sd": 0.11372477462438361,
      "sign_p": 0.75390625,
      "t_p": 0.538426778803963,
      "wilcoxon_p": 0.625
    },
    "dSpecific": {
      "n": 10,
      "n_neg": 4,
      "mean": 0.0034814748044709855,
      "sd": 0.044988571110800755,
      "sign_p": 0.75390625,
      "t_p": 0.8121650762934248,
      "wilcoxon_p": 1.0
    }
  }
}