{
  "2.8b": {
    "human_cv2": 0.8075914422854356,
    "labs": {
      "gpt5": {
        "cv2_paired": {
          "n": 10,
          "n_dir": 6,
          "mean": 0.0076529629001296,
          "sd": 0.04374833036732614,
          "dir": "up",
          "sign_p": 0.75390625,
          "t_p": 0.5936115276250362
        },
        "fwmean_paired": {
          "n": 10,
          "n_dir": 6,
          "mean": 0.03726964447528758,
          "sd": 0.10127473893205603,
          "dir": "up",
          "sign_p": 0.75390625,
          "t_p": 0.2744540646932534
        },
        "cv2_lo": 0.6368950526603439,
        "cv2_hi": 0.6445480155604734
      },
      "opus": {
        "cv2_paired": {
          "n": 10,
          "n_dir": 2,
          "mean": -0.015991639323343788,
          "sd": 0.033386478021291584,
          "dir": "up",
          "sign_p": 0.109375,
          "t_p": 0.1641525687269364
        },
        "fwmean_paired": {
          "n": 10,
          "n_dir": 9,
          "mean": 0.08696476197734415,
          "sd": 0.10548090314919058,
          "dir": "up",
          "sign_p": 0.021484375,
          "t_p": 0.028402234646571642
        },
        "cv2_lo": 0.7622658681760515,
        "cv2_hi": 0.750897574858553
      },
      "gemini": {
        "cv2_paired": {
          "n": 10,
          "n_dir": 2,
          "mean": -0.04506840243036756,
          "sd": 0.05892553962150311,
          "dir": "up",
          "sign_p": 0.109375,
          "t_p": 0.0386977742561721
        },
        "fwmean_paired": {
          "n": 10,
          "n_dir": 10,
          "mean": 0.15166860758872738,
          "sd": 0.09874615592133512,
          "dir": "up",
          "sign_p": 0.001953125,
          "t_p": 0.0008994608707474762
        },
        "cv2_lo": 0.9740116413241879,
        "cv2_hi": 0.929302165392771
      },
      "deepseek": {
        "cv2_paired": {
          "n": 10,
          "n_dir": 4,
          "mean": 0.03299666409389805,
          "sd": 0.16613149582646078,
          "dir": "up",
          "sign_p": 0.75390625,
          "t_p": 0.5455543230810235
        },
        "fwmean_paired": {
          "n": 10,
          "n_dir": 6,
          "mean": 0.01414957407902866,
          "sd": 0.1439581558390968,
          "dir": "up",
          "sign_p": 0.75390625,
          "t_p": 0.763016571507837
        },
        "cv2_lo": 0.8862896358392524,
        "cv2_hi": 0.9035759555090564
      }
    }
  },
  "6.9b": {
    "human_cv2": 0.8382099806476938,
    "labs": {
      "gpt5": {
        "cv2_paired": {
          "n": 0
        },
        "fwmean_paired": {
          "n": 0
        },
        "cv2_lo": null,
        "cv2_hi": null
      },
      "opus": {
        "cv2_paired": {
          "n": 10,
          "n_dir": 3,
          "mean": -0.01751750395828352,
          "sd": 0.03821219956615814,
          "dir": "up",
          "sign_p": 0.34375,
          "t_p": 0.18108491702299523
        },
        "fwmean_paired": {
          "n": 10,
          "n_dir": 8,
          "mean": 0.08420629942379496,
          "sd": 0.1052994916372614,
          "dir": "up",
          "sign_p": 0.109375,
          "t_p": 0.03229772348630627
        },
        "cv2_lo": 0.7909661244894993,
        "cv2_hi": 0.7790004443647929
      },
      "gemini": {
        "cv2_paired": {
          "n": 10,
          "n_dir": 1,
          "mean": -0.05699743973326249,
          "sd": 0.057009152983812636,
          "dir": "up",
          "sign_p": 0.021484375,
          "t_p": 0.011520016478844965
        },
        "fwmean_paired": {
          "n": 10,
          "n_dir": 10,
          "mean": 0.15178212464712454,
          "sd": 0.0973543057531429,
          "dir": "up",
          "sign_p": 0.001953125,
          "t_p": 0.000813104996952114
        },
        "cv2_lo": 0.9971168129453862,
        "cv2_hi": 0.9414262861487332
      },
      "deepseek": {
        "cv2_paired": {
          "n": 0
        },
        "fwmean_paired": {
          "n": 0
        },
        "cv2_lo": null,
        "cv2_hi": null
      }
    }
  }
}